"Address","Name 1","Description 1"
"https://www.mql5.com/en/market/product/138856","PythonX M1 Scalper GBPUSD","
      <h2></h2> <h3><div class=""fquote""></div><b><u> <b><u>PythonX – GBPUSD M1 Scalper</u></b> </u></b></h3>"
"https://www.mql5.com/en/market/product/174085","PythonX CandleMaster AUDUSD","
      <div> <h2>PythonX CandleMaster AUDUSD</h2> <h2>EMA + Candlestick Pattern Precision Trading System</h2> <h2>Strategy Overview</h2> <p>PythonX CandleMaster AUDUSD is a <b>price action-driven Expert Advisor</b> engineered specifically for the <b>AUDUSD currency pair</b>. The system combines a <b>trend-following EMA filter</b> with <b>high-probability candlestick pattern recognition</b> to execute trades with precision. </p> <p>The strategy focuses on <b>trend-aligned reversals</b>, capturing pullbacks within established market direction instead of chasing breakouts. This approach helps maintain structured entries and controlled exposure. </p> <h2>Core Strategy Logic</h2> <ul> <li><b>EMA Trend Filter</b> – Defines directional bias (Buy above EMA, Sell below EMA)</li> <li><b>Pattern-Based Entry</b> – Trades triggered by confirmed candlestick formations</li> <li><b>Reversal within Trend</b> – Focus on pullbacks instead of random entries</li> <li><b>Clean Execution Model</b> – No unnecessary indicator stacking</li> </ul> <h2>Candlestick Patterns Used</h2> <ul> <li><b>Engulfing Patterns</b> – Strong directional reversals</li> <li><b>Morning / Evening Star</b> – Market turning structures</li> <li><b>Railroad Patterns</b> – Sharp momentum shifts</li> </ul> <p>Each pattern can be <b>enabled or disabled individually</b>, allowing full control for optimization and strategy customization. </p> <h2>Execution Model</h2> <ul> <li><b>Timeframe:</b> M1 (Precision execution)</li> <li><b>Market:</b> AUDUSD</li> <li><b>Trading Style:</b> Trend-following with reversal confirmation</li> <li><b>Entry Logic:</b> EMA + Candlestick Pattern Alignment</li> </ul> <h2>Backtest Performance</h2> <p><b>Initial Balance:</b> $50<br> <b>Final Balance:</b> $6817<br> <b>Period:</b> January 2026 – Present<br> <b>Lot Size:</b> Fixed 0.01<br> <b>Max Drawdown:</b> 6.3% </p> <p>The results demonstrate the EA’s ability to <b>capture structured forex movements</b> while maintaining <b>controlled drawdown levels</b>. </p> <h2>Key Advantages</h2> <ul> <li>Designed specifically for AUDUSD behavior</li> <li>Focus on high-quality setups instead of overtrading</li> <li>Price action-based logic for realistic market conditions</li> <li>Flexible pattern configuration for optimization</li> </ul> <h2>Risk Philosophy</h2> <ul> <li>Fixed lot size approach for consistency</li> <li>Trend-aligned entries to reduce false signals</li> <li>Structured logic to maintain stable drawdown</li> </ul> <h2>Core Focus</h2> <p>Price Action, Trend Alignment, Pattern Recognition, Precision Execution </p> <p>Past performance does not guarantee future results. Trading involves risk. Results may vary depending on broker conditions, spreads, and execution quality. </p> </div>
    "
"https://www.mql5.com/en/market/product/174285","PythonX SwissCore USDCHF","
      <b> </b><h2><b><b>PythonX SwissCore USDCHF</b></b></h2> <h2><b>Precision Market Structure Trading Engine</b></h2> <p>PythonX SwissCore USDCHF is a professional-grade Expert Advisor built around one of the most respected concepts in modern trading: market structure. By combining Break of Structure (BOS) and Change of Character (CHOCH) with EMA-based trend filtering, the system is designed to execute trades with discipline, clarity, and consistency. </p> <h2><b>Why This System Stands Out</b></h2> <p>Most automated systems rely heavily on lagging indicators. PythonX SwissCore takes a different approach — it focuses on how price actually moves. </p> <ul> <li><b>Structure First:</b> Trades are based on real market shifts, not indicator noise</li> <li><b>Trend Alignment:</b> EMA ensures entries follow directional bias</li> <li><b>Precision Execution:</b> Built for M1 timing to capture refined entries</li> <li><b>Rule-Based Logic:</b> No randomness, no over-optimization</li> </ul> <h2><b>Core Trading Logic</b></h2> <p>The EA operates using a structured decision model: </p> <ul> <li><b>EMA Filter:</b> Defines bullish or bearish market bias</li> <li><b>BOS (Break of Structure):</b> Confirms continuation through higher lows and breakout strength</li> <li><b>CHOCH (Change of Character):</b> Detects potential reversals through lower highs and structural breaks</li> </ul> <p>This combination allows the system to react to genuine price transitions instead of delayed signals. </p> <h2><b>Backtest Summary</b></h2> <ul> <li>Testing Period: January 2026 – Present</li> <li>Initial Balance: $50</li> <li>Lot Size: Fixed 0.01</li> <li>Symbol: USDCHF</li> </ul> <p>Under these historical test conditions, the balance reached approximately $3559. </p> <p><b>Important:</b> These results are based on past data and are provided for informational purposes only. Future performance may vary depending on market conditions and execution environment. </p> <h2><b>Designed Specifically for USDCHF</b></h2> <p>This system is not a generic multi-pair robot. It has been developed and tested specifically for USDCHF behavior, focusing on its structure, volatility profile, and intraday movement patterns. </p> <h2><b>Trading Environment</b></h2> <ul> <li>Optimized Symbol: USDCHF</li> <li>Execution Timeframe: M1</li> <li>Lot Model: Fixed (0.01 used in testing)</li> <li>Market Type: Structured and trending conditions</li> </ul> <h2><b>Risk Management Philosophy</b></h2> <ul> <li>Controlled entries based on structure confirmation</li> <li>Fixed lot approach for stability</li> <li>Avoidance of overtrading through rule-based filtering</li> </ul> <h2><b>Who Is This For</b></h2> <p>This EA is suitable for traders who: </p> <ul> <li>Prefer price action and market structure over indicator-heavy systems</li> <li>Want a disciplined, rules-based trading approach</li> <li>Are looking for a system focused on one pair rather than many</li> </ul> <h2><b>Final Notes</b></h2> <p>PythonX SwissCore USDCHF is built with a clear objective: to trade with structure, not speculation. It reflects a systematic interpretation of price action, combining trend confirmation with structural validation. </p> <p><b>Disclaimer:</b> Trading involves risk. Always use appropriate risk management. Results may vary depending on broker conditions, spreads, slippage, and market volatility. </p>
    "
"https://www.mql5.com/en/market/product/174067","PythonX US100 Quantum","
      <div> <h2>PythonX US100 Quantum</h2> <h2>H1 Breakout Precision Trading Engine</h2> <h2>Strategy Overview</h2> <p>PythonX US100 Quantum is a <b>high-precision breakout trading system</b> designed specifically for the <b>US100 (Nasdaq 100 Index)</b>. Built around <b>market structure and trend alignment</b>, it focuses on capturing <b>strong directional moves</b> rather than noisy scalping setups. </p> <p>Unlike traditional indicator-heavy systems, this EA uses a <b>clean price-action model</b> combined with a <b>trend filter</b> to deliver structured and consistent entries. </p> <h2>Core Strategy Logic</h2> <ul> <li><b>EMA Trend Filter</b> – Defines directional bias (Buy above / Sell below)</li> <li><b>Breakout Execution</b> – Trades only when price breaks key structure levels</li> <li><b>Momentum Confirmation</b> – Ensures strong candle close before entry</li> <li><b>Noise Reduction</b> – H1 timeframe eliminates low-quality signals</li> </ul> <h2>Execution Model</h2> <ul> <li><b>Entry Timeframe:</b> H1 (Structured entries)</li> <li><b>Market Focus:</b> US100 (Nasdaq 100)</li> <li><b>Trading Style:</b> Breakout and trend-following</li> <li><b>Logic Type:</b> Price action with trend alignment</li> </ul> <h2>Performance Snapshot</h2> <p><b>Account Growth:</b> $50 to $5000<br> <b>Period:</b> January 2026 to Present<br> <b>Lot Size:</b> Fixed 0.01<br> <b>Max Drawdown:</b> 7.76% </p> <p><i>Past performance does not guarantee future results. Results may vary depending on broker conditions, spreads, and execution.</i> </p> <h2>Key Advantages</h2> <ul> <li>Designed specifically for Nasdaq market behavior</li> <li>Focus on quality trades over high frequency</li> <li>Uses structured H1 logic to reduce noise</li> <li>Clean and efficient execution model</li> </ul> <h2>Risk Philosophy</h2> <ul> <li>Fixed lot size approach for controlled exposure</li> <li>Structure-based entries to avoid random signals</li> <li>Focus on maintaining stable drawdown</li> </ul> <h2>Core Focus</h2> <p>Precision, Breakouts, Momentum, Trend Alignment </p> </div>
    "
"https://www.mql5.com/en/market/product/173046","PythonX Prop Challenge Winner","
      <h2>Professional Gold Trading System Built for Prop Firm Success</h2> <p>PythonX Prop Challenge Winner is a precision-engineered Expert Advisor designed exclusively for XAUUSD (Gold). Built with a structured execution framework, this system combines multi-position management with adaptive grid logic to maintain market presence and capture high-probability opportunities. </p> <h2>Performance Overview</h2> <p>The system demonstrated exceptional growth by transforming an initial balance of <b>$50 into $14,733</b> from January 2026 to present, operating with a fixed lot size starting from 0.01. </p> <ul> <li>Profit Factor: <b>4.28</b></li> <li>Expected Payoff: <b>3.99</b></li> <li>Recovery Factor: <b>17.59</b></li> <li>Average Winning Trade: <b>$34</b></li> <li>Average Losing Trade: <b>$9</b></li> </ul> <h2>Trade Statistics</h2> <ul> <li>Maximum Consecutive Wins: <b>612 trades</b> (Profit: $8,025)</li> <li>Maximum Consecutive Losses: <b>95 trades</b> (Loss: $829)</li> <li>Average Consecutive Wins: <b>288</b></li> <li>Average Consecutive Losses: <b>52</b></li> <li>Short Trade Win Rate: <b>87%</b></li> <li>Long Trade Win Rate: <b>85%</b></li> </ul> <h2>Strategy Architecture</h2> <p>The EA utilizes a controlled grid-based execution model, allowing multiple positions to be opened simultaneously under predefined conditions. This structure enables the system to adapt to market fluctuations while maintaining consistent trade flow. </p> <ul> <li>Multi-position grid execution</li> <li>Continuous market participation</li> <li>Adaptive trade management</li> <li>Precision entry and exit handling</li> </ul> <h2>Backtesting & Robustness</h2> <p>Extensive backtesting has been performed across multiple scenarios using an initial balance of $50 with lot sizes ranging from 0.01 to 0.33. Each test utilized different start dates to validate stability and consistency. </p> <p>The system demonstrated the ability to remain active in varying market conditions while maintaining strong profitability over time. </p> <h2>Prop Firm Optimization</h2> <p>PythonX Prop Challenge Winner is designed with prop firm requirements in mind, focusing on: </p> <ul> <li>Controlled drawdown behavior</li> <li>Consistent equity growth</li> <li>Structured risk exposure</li> <li>Rule-compliant execution approach</li> </ul> <h2>Trading Conditions</h2> <ul> <li>Instrument: <b>XAUUSD (Gold) Only</b></li> <li>Recommended Balance: <b>$50 and above</b></li> <li>Execution: <b>Low spread, fast execution broker</b></li> <li>Environment: <b>VPS recommended</b></li> </ul> <h2>Conclusion</h2> <p>PythonX Prop Challenge Winner is a structured trading system designed to combine consistency, precision, and adaptability. With a strong statistical foundation and optimized execution model, it provides a reliable approach for traders aiming to succeed in prop firm environments while maintaining disciplined risk management. </p>
    "
"https://www.mql5.com/en/market/product/174464","PythonX TokyoFlow USDJPY","
      <h2>PythonX TokyoFlow USDJPY</h2> <h2>EMA + MACD Momentum Engine for Intraday Precision</h2> <p>PythonX TokyoFlow USDJPY is a professionally structured trading system developed specifically for the USDJPY pair on the M1 timeframe. It integrates trend analysis with momentum-based confirmation to identify structured intraday opportunities in fast-moving market conditions. </p> <h2>Strategy Architecture </h2> <p>The system is designed around a dual-layer approach that combines directional bias with momentum validation. This helps maintain alignment with prevailing market direction while filtering out low-quality signals commonly found in lower timeframes. </p> <ul> <li>Trend-based directional filtering</li> <li>Momentum-driven entry confirmation</li> <li>Optimized for high-frequency intraday environments</li> <li>Adapted specifically for USDJPY price behavior</li> </ul> <h2>Execution Model </h2> <ul> <li>Timeframe: M1</li> <li>Symbol: USDJPY</li> <li>Execution Style: Intraday momentum-based entries</li> <li>Core Components: EMA (trend), MACD (momentum)</li> </ul> <p>The system focuses on capturing structured price movements rather than reacting to random fluctuations, resulting in a more controlled and disciplined execution profile. </p> <h2>Backtest Performance </h2> <p>Historical testing has been conducted to evaluate system behavior under controlled conditions. </p> <ul> <li>Initial Balance: 50 USD</li> <li>Testing Period: January 2026 to present</li> <li>Final Balance: 5572 USD</li> <li>Maximum Drawdown: Approximately 15%</li> <li>Lot Size: Fixed 0.01</li> </ul> <p>These results are based on historical data and are provided for informational purposes only. Actual performance may vary depending on market conditions, broker execution, and trading environment. </p> <h2>Key Features </h2> <ul> <li>Trend-aligned trading structure</li> <li>Momentum-based entry refinement</li> <li>Reduced noise compared to traditional scalping systems</li> <li>Optimized for fast execution environments</li> <li>Fully customizable input parameters</li> </ul> <h2>Input Parameters </h2> <ul> <li>EMA period for trend filtering</li> <li>MACD configuration settings</li> <li>Risk and lot size parameters</li> </ul> <p>All parameters are adjustable, allowing users to optimize the system based on their broker conditions and trading preferences. </p> <h2>Risk Management </h2> <p>Effective risk management is essential when trading any automated system. Users are advised to configure lot sizes and risk exposure according to their individual trading plan and account size. </p> <h2>Important Notes </h2> <ul> <li>Designed specifically for USDJPY</li> <li>Performance may vary based on broker and spread conditions</li> <li>Recommended to test on a demo account before live deployment</li> <li>Best results on low-spread trading environments</li> </ul> <h2>Summary </h2> <p>PythonX TokyoFlow USDJPY is a focused EMA and MACD-based trading system built for traders seeking structured, trend-aligned execution with momentum confirmation in a fast intraday environment. </p>
    "
"https://www.mql5.com/en/market/product/139898","PythonX M1 Scalper XAUUSD","
      <h3>THE GOLD DIGGER - A SCALPER LIKE NO OTHER</h3> <h3>Precision. Purpose. Performance.</h3> <div> <div class=""fquote""> <p><span>NOT JUST AN EA – A PRECISION ENGINEERED XAUUSD SCALPING SYSTEM</span></p> </div> </div> <p><strong>PythonX M1 Scalper</strong> isn’t just another Gold EA — it’s a <strong>specialized, high-performance scalping framework</strong> built exclusively for <strong>XAUUSD on the M1 timeframe</strong>. It has been engineered to deliver precise entries, smart risk control, and consistent returns over time — not just in ideal conditions, but across <strong>9 major brokers</strong> over multi-year periods.</p> <p>With a starting balance of $500, PythonX achieved extraordinary results — as high as <strong>$500,000+ net profit</strong> — all without martingale, grid, or risky position scaling.</p> <h3><br></h3> <h3>INTELLIGENT ENTRY SYSTEM – FILTERS THAT THINK TOGETHER</h3> <p>Unlike typical bots that depend on a single signal, <strong>PythonX uses a full stack of synchronized confirmation filters</strong>. Each one contributes to entry decision-making — even if disabled in the input tab. This synergy creates highly efficient, noise-filtered, high-probability trades.</p> <p><strong>Key Entry Components Include:</strong><br> • <strong>Engulfing Candlestick Pattern Detection</strong> – core reversal entry signal<br> • <strong>CCI Filter</strong> – detects overbought/oversold strength<br> • <strong>RSI Confirmation</strong> – gauges trend momentum and divergence<br> • <strong>EMA Filter</strong> – aligns trades with the broader market trend<br> • <strong>Volume Spike Detection</strong> – identifies unusual activity to confirm breakout/breakdown</p> <p>Whether you're running all filters or only a few, the engine remains dynamic — working beneath the surface to reduce false signals and improve execution quality.</p> <h3><br></h3> <h3>TRADE MANAGEMENT STRUCTURE</h3> <p>• Take Profit: 170 pips<br> • Stop Loss: 145 pips<br> • Optional 24-hour trading toggle<br> • Trade day selection (Monday–Friday toggle)<br> • No martingale<br> • No grid<br> • Clean, event-based entries only</p> <h3><br></h3> <h3>SMART LOT SIZING STRATEGY</h3> <p>PythonX employs a <strong>pre-calibrated fixed lot sizing approach</strong> designed for <strong>controlled growth without risk stacking</strong>.</p> <p>There is <strong>no dynamic compounding</strong>, <strong>no multiplier logic</strong>, and <strong>no escalation under drawdown</strong>. Just reliable sizing tuned for real-world conditions and proven over thousands of trades.</p> <p>The lot structure is part of PythonX’s internal consistency — allowing strong compounding growth while preserving capital integrity.</p> <h3><br></h3> <h3>VERIFIED MULTI-BROKER BACKTEST RESULTS</h3> <p>(All tests on 1:500 leverage, $500 initial deposit)</p> <div> <div> <table> <thead> <tr> <th></th> </tr> </thead> </table> <table> <thead> <tr> <th>Broker</th> <th>              Period                   </th> <th>Net Profit          </th> <th>Max Win Streak (Profit)     </th> <th>Max Loss Streak (Loss)</th> </tr> </thead> <tbody> <tr> <td><strong>ICMarketsSC</strong></td> <td>2007.01.01 – 2025.12.31</td> <td>$311,423.89</td> <td>17 wins ($15,237.54)</td> <td>9 losses (-$826.66)</td> </tr> <tr> <td><strong>Exness</strong></td> <td>2017.01.01 – 2025.12.31</td> <td>$273,475.30</td> <td>15 wins ($10,480.17)</td> <td>12 losses (-$887.24)</td> </tr> <tr> <td><strong>XMGlobal</strong></td> <td>2013.01.01 – 2025.12.31</td> <td>$356,386.56</td> <td>13 wins ($10,229.00)</td> <td>9 losses (-$919.01)</td> </tr> <tr> <td><strong>OctaFX</strong></td> <td>2015.01.01 – 2025.12.31</td> <td>$348,097.93</td> <td>19 wins ($15,325.52)</td> <td>10 losses (-$861.17)</td> </tr> <tr> <td><strong>FxPro</strong></td> <td>2016.01.01 – 2025.12.31</td> <td>$294,287.03</td> <td>17 wins ($13,465.16)</td> <td>10 losses (<strong>-$1,034.29</strong>)</td> </tr> <tr> <td><strong>HFMarketsGlobal</strong></td> <td>2017.01.01 – 2025.12.31</td> <td>$255,771.15</td> <td>14 wins ($11,023.09)</td> <td><strong>13 losses (-$904.83)</strong></td> </tr> <tr> <td><strong>Eightcap</strong></td> <td>2017.01.01 – 2025.12.31</td> <td>$281,550.97</td> <td>14 wins ($10,824.62)</td> <td>11 losses (-$900.47)</td> </tr> <tr> <td><strong>ActivTradesMarkets</strong></td> <td>2015.01.01 – 2025.12.31</td> <td>$284,743.74</td> <td>17 wins ($13,216.54)</td> <td>10 losses (-$804.52)</td> </tr> <tr> <td><strong>ForexTimeFXTM</strong></td> <td>2005.01.01 – 2025.12.31</td> <td>$501,804.17</td> <td>21 wins ($17,130.45)</td> <td>12 losses (-$897.24)</td> </tr> </tbody> </table><strong></strong> <div> <div> <span> </span> </div> </div> </div> </div> <h3>Screenshots have been attached below for complete transparency.<br></h3> <h3>NO GUESSWORK. JUST RESULTS.</h3> <p>• Real logic, not gimmicks<br> • No hidden strategies or tricks<br> • Engineered for clarity, consistency, and control<br> • Works on multiple brokers with ease<br> • Proven performance — time-tested and transparent</p> <h3><br></h3> <h3>TRY IT FREE – CHANGE YOUR STRATEGY, CHANGE YOUR LIFE</h3> <p><strong>The demo is free.</strong><br> Run the backtest yourself. Change settings. Try your broker.<br> Don’t take our word for it — <strong>see the results with your own data.</strong></p> <p><strong>Download the FREE demo today</strong> and discover what focused, professional trading automation can do for your portfolio.</p> <p><br></p>
    "
"https://www.mql5.com/en/market/product/156576","PythonX Fictional EA","
      <strong></strong> <h2><strong><strong>Advanced Multi-Engine Trading System for EURUSD (M1)</strong></strong></h2> <h2><strong><strong>Version 1.2 updated - see the ""What's New"" tab for full upgrade details.</strong></strong></h2> <h2><strong><strong>New Year Special Offer - 90% Discount valid until 31 January 2026</strong></strong></h2> <p>All tests performed on: <em>Every tick based on real ticks</em></p> <h2><strong>Introduction</strong></h2> <p>PythonX Fictional EA is built on a multi-layered logic engine designed for high-frequency, high-stability algorithmic execution on EURUSD M1.<br> The system incorporates volatility-based filters, an adaptive entry range algorithm, and a multi-stage protection framework.<br> It has been stress-tested from <strong>January 2025 to present</strong> using real tick modeling, fixed leverage of <strong>1:1000</strong>, and multiple starting balances to confirm scalability and consistency.</p> <p>PythonX Fictional EA does <strong>not</strong> use martingale, grid averaging, arbitrage, tick manipulation, or latency exploitation.<br> All entries, exits, and protective behaviors are rule-based and verifiable inside the MT5 Strategy Tester.</p><strong>Included Operating Modes</strong> <p>PythonX Fictional EA includes five fully independent execution profiles:</p> <h3><strong>1. Conservative Mode</strong></h3> <p>Designed for traders targeting long-term consistency and minimal drawdown. Strict entry conditions and controlled exposure.</p> <h3><strong>2. Balanced Mode</strong></h3> <p>A hybrid risk-adjusted mode suitable for most users. Optimized ratio between frequency, stability, and profit potential.</p> <h3><strong>3. Precision Mode</strong></h3> <p>Focuses on accuracy-filtered entries with tighter volatility windows. Lower trading frequency but highly selective.</p> <h3><strong>4. Dynamic Mode</strong></h3> <p>Increases exposure during favorable volatility phases using adaptive lot management (not martingale). Designed for accelerated growth.</p> <h3><strong>5. Extreme Mode</strong></h3> <p>Maximum trade frequency and widest entry range. Suitable only for users who understand risk expansion during aggressive cycles.</p> <p>All modes operate under the same base logic but vary in filtering depth, entry range behavior, and risk application.</p><strong>Unified Backtest Summary</strong> <p><strong>EURUSD – M1 – Every Tick Based on Real Ticks</strong><br> <strong>Leverage: 1:1000</strong><br> Timeframe tested: <strong>January 2025 to present</strong></p> <p>The EA was tested with multiple starting balances using the same default settings to verify scalability.<br> Results demonstrate stable drawdown and consistent profit factor across all account sizes.</p> <h2><strong>Backtest Performance Table</strong></h2> <div> <div> <table> <thead> <tr> <th><strong>Starting Balance</strong></th> <th><strong>Ending Balance</strong></th> <th><strong>Lot Size</strong></th> <th><strong>Max DD %</strong></th> <th><strong>Profit Factor</strong></th> <th><strong>Leverage</strong></th> </tr> </thead> <tbody> <tr> <td>20</td> <td>32,538</td> <td>0.01</td> <td>10.44</td> <td>1.93</td> <td>1:1000</td> </tr> <tr> <td>40</td> <td>63,626</td> <td>0.02</td> <td>10.73</td> <td>1.89</td> <td>1:1000</td> </tr> <tr> <td>60</td> <td>125,488</td> <td>0.04</td> <td>10.92</td> <td>1.87</td> <td>1:1000</td> </tr> <tr> <td>80</td> <td>158,082</td> <td>0.05</td> <td>10.77</td> <td>1.88</td> <td>1:1000</td> </tr> <tr> <td>100</td> <td>190,090</td> <td>0.06</td> <td>10.79</td> <td>1.88</td> <td>1:1000</td> </tr> <tr> <td>200</td> <td>318,132</td> <td>0.10</td> <td>10.73</td> <td>1.89</td> <td>1:1000</td> </tr> <tr> <td>300</td> <td>477,736</td> <td>0.15</td> <td>10.70</td> <td>1.89</td> <td>1:1000</td> </tr> <tr> <td>400</td> <td>636,264</td> <td>0.20</td> <td>10.73</td> <td>1.89</td> <td>1:1000</td> </tr> <tr> <td>500</td> <td>950,450</td> <td>0.30</td> <td>10.79</td> <td>1.88</td> <td>1:1000</td> </tr> <tr> <td>1,000</td> <td>1,590,662</td> <td>0.50</td> <td>10.73</td> <td>1.89</td> <td>1:1000</td> </tr> <tr> <td>2,000</td> <td>3,181,324</td> <td>1.00</td> <td>10.73</td> <td>1.89</td> <td>1:1000</td> </tr> </tbody> </table> <p><br></p> <p></p> </div> </div><strong>Backtest Transparency</strong> <p>Screenshots from the Strategy Tester are added.<br><br></p> <ul> <li> <p>Optimization Ranking</p></li> <li> <p>Full Graph (Balance/Equity)</p></li> <li> <p>Summary Metrics</p></li> <li> <p>Report Page</p></li> <li> <p>Parameter Sets</p></li> <li> <p>Trade Distribution</p></li> <li> <p>Growth Curve</p></li> </ul> <p>These sections demonstrate stability, trade count depth, and consistency.</p> <p><strong>How to Use PythonX Fictional EA</strong></p> <p><strong></strong> </p> <h3><strong>1. Recommended Setup</strong></h3> <ul> <li> <p>Symbol: EURUSD</p></li> <li> <p>Timeframe: M1</p></li> <li> <p>Leverage: 1:1000</p></li> <li> <p>Execution: Every tick based on real ticks</p></li> <li> <p>Spread: Use real variable spread for testing</p></li> <li> <p>Default settings are optimized for EURUSD M1</p></li> </ul> <h3><strong>2. Installation</strong></h3> <ul> <li> <p>Place the EA in:<br> <em>MQL5 → Experts → PythonX_Fictional_EA.ex5</em></p></li> <li> <p>Attach to EURUSD M1</p></li> <li> <p>Enable Algo Trading</p></li> <li> <p>Select your preferred Mode (Conservative, Balanced, Precision, Dynamic, or Extreme)</p></li> </ul> <h3><strong>3. VPS Recommended</strong></h3> <p>Since the EA analyzes fast M1 movements, a low-latency VPS is recommended for live use.</p><strong>Try It Yourself</strong> <p>You can confirm all results directly:<br> Run a backtest today on EURUSD M1 with:<br> <strong>Starting balance between 50 and 100 USD</strong></p> <p><strong></strong><br> <strong>Default EA settings</strong><br> Model: Every tick based on real ticks<br> You will observe the same execution consistency, stability, and controlled drawdown.</p><strong>Final Notes</strong> <p>PythonX Fictional EA is designed for technical traders, quant developers, and institutions seeking rules-driven execution rather than discretionary trading.<br> It maintains consistent behavior across different account sizes due to its adaptive risk engine and fixed filtering architecture.</p> <p>This EA is titled <strong>“Fictional”</strong> to clearly indicate that it is a creative, experimental, and technically driven project without promises or guarantees.</p>
    "
"https://www.mql5.com/en/market/product/175228","PythonX PipStorm USDCAD","
      <h2><b>PythonX PipStorm USDCAD</b></h2> <h2><b>Trend-Aligned Breakout Scalping Expert Advisor</b></h2> <p>PythonX PipStorm USDCAD is a precision-built Expert Advisor developed for USDCAD on the M1 timeframe. The system focuses on capturing short-term breakout opportunities in alignment with the prevailing trend, targeting high-probability intraday movements.</p> <p>The strategy combines directional filtering with structured price breakout logic, allowing the EA to participate in momentum-driven moves while avoiding low-quality market conditions.</p> <h2><b>Core Strategy Logic</b></h2> <ul> <li><b>Trend Filtering:</b><br> Trades are executed only in the direction of the prevailing trend, ensuring alignment with market momentum.</li> <li><b>Breakout-Based Entries:</b><br> The EA identifies and reacts to key price breakouts, confirming continuation strength before entering trades.</li> <li><b>Price Action Focus:</b><br> Built on structured price movement rather than lagging indicators, enabling faster and more adaptive execution.</li> <li><b>Momentum Alignment:</b><br> Entries occur only when breakout conditions align with directional bias, improving consistency.</li> <li><b>Execution Model:</b><br> Optimized for M1 scalping, designed to capture rapid market movements with controlled risk parameters.</li> </ul> <h2><b>Key Features</b></h2> <ul> <li>Trend-aligned breakout trading system</li> <li>Price action-driven entry logic</li> <li>Fast execution for lower timeframes</li> <li>Optimized specifically for USDCAD behavior</li> <li>Structured filtering to reduce market noise</li> <li>Balanced approach between frequency and precision</li> </ul> <h2><b>Backtest Performance</b></h2> <ul> <li><b>Symbol:</b> USDCAD</li> <li><b>Timeframe:</b> M1</li> <li><b>Initial Deposit:</b> $50</li> <li><b>Total Net Profit:</b> $4,406</li> <li><b>Profit Factor:</b> 6.20</li> <li><b>Expected Payoff:</b> 2.34</li> <li><b>Total Trades:</b> 1,885</li> <li><b>Win Rate:</b> 87.59%</li> <li><b>Max Balance Drawdown:</b> 10.38%</li> <li><b>Max Equity Drawdown:</b> 15.96%</li> <li><b>Test Period:</b> 01 January 2026 – 20 April 2026</li> </ul> <p>The backtest demonstrates stable performance with strong profit factor and controlled drawdown, highlighting the EA’s ability to capture breakout-driven movements under trending market conditions.</p> <h2><b>Recommendations</b></h2> <ul> <li>Use on low-spread ECN accounts for optimal results</li> <li>VPS recommended for consistent execution speed</li> <li>Best suited for USDCAD M1 trading environment</li> <li>Forward testing on a demo account is recommended before live deployment</li> </ul> <p>PythonX PipStorm USDCAD is designed for traders who focus on disciplined, trend-following breakout strategies and seek consistent performance in fast-moving market environments.</p>
    "
"https://www.mql5.com/en/market/product/175349","PythonX Impulse BTCUSD","
      <h2><b>PythonX Impulse BTCUSD</b></h2> <h2><b>High-Speed Price Action Scalping Expert Advisor</b></h2> <p>PythonX Impulse BTCUSD is a precision-engineered Expert Advisor designed specifically for BTCUSD on the M1 timeframe. The system focuses on capturing fast intraday impulse moves using a combination of trend filtering and price action-based breakout confirmation.</p> <p>The strategy is built to adapt to the high volatility nature of the cryptocurrency market, allowing it to identify rapid expansion phases and enter trades with strong directional intent.</p> <h2><b>Core Strategy Logic</b></h2> <ul> <li><b>Trend Filtering:</b><br> The system applies a directional filter to align trades with the prevailing market trend, reducing counter-trend exposure.</li> <li><b>Price Action Confirmation:</b><br> Entry signals are generated based on structured candle behavior and breakout conditions, ensuring trades are placed during momentum expansion phases.</li> <li><b>Impulse Detection:</b><br> The EA is optimized to detect sudden bursts in price movement, allowing participation in high-speed market moves.</li> <li><b>Selective Execution:</b><br> Trades are executed only when multiple internal conditions align, helping filter out low-quality setups.</li> <li><b>Scalping Optimization:</b><br> Designed for M1 timeframe execution with fast response to market changes.</li> </ul> <h2><b>Key Features</b></h2> <ul> <li>Trend-aligned trading approach</li> <li>Price action-based breakout entries</li> <li>Optimized for BTCUSD volatility</li> <li>Low indicator dependency</li> <li>Fast execution for scalping environments</li> <li>Clean and structured trade filtering logic</li> </ul> <h2><b>Backtest Performance</b></h2> <ul> <li><b>Symbol:</b> BTCUSD</li> <li><b>Timeframe:</b> M1</li> <li><b>Initial Deposit:</b> $20</li> <li><b>Total Net Profit:</b> $5,759.82</li> <li><b>Profit Factor:</b> 5.90</li> <li><b>Expected Payoff:</b> 6.71</li> <li><b>Maximal Drawdown:</b> 15.25%</li> <li><b>Equity Drawdown:</b> 20.30%</li> <li><b>Total Trades:</b> 858</li> <li><b>Win Rate:</b> 72.61%</li> </ul> <p>The backtest demonstrates the system’s ability to capture high-speed impulse movements in volatile BTCUSD conditions while maintaining structured risk exposure. Results may vary depending on broker conditions, spread, and execution environment.</p> <h2><b>Recommendations</b></h2> <ul> <li>Use on low-spread ECN or RAW accounts</li> <li>VPS recommended for optimal execution speed</li> <li>Best suited for BTCUSD M1 trading conditions</li> <li>Avoid high-impact news periods if necessary</li> <li>Forward testing on a demo account is recommended before live trading</li> </ul> <p>PythonX Impulse BTCUSD is designed for traders who seek fast execution, structured entries, and the ability to capture high-volatility moves in the cryptocurrency market.</p>
    "
"https://www.mql5.com/en/market/product/175703","PythonX Manual Sync Manager","
      <h2><b>PythonX Manual Sync Manager</b></h2> <h2><b>Manual Trading with Intelligent Automation Engine</b></h2> <p>PythonX Manual Sync Manager is a powerful trade management Expert Advisor designed for traders who prefer full control over entries while leveraging advanced automation for execution, protection, and synchronization.</p> <p>This system does not generate trades independently. Instead, it enhances manual trading by applying structured risk management, real-time synchronization, and intelligent position handling across all open trades.</p> <p>Built for flexibility and precision, the EA adapts instantly to user actions, ensuring consistency, speed, and efficiency in both single and multi-position trading environments.</p> <h2><b>Core System Behavior</b></h2> <ul> <li><b>Manual Trade Entry:</b><br> All trades are opened manually by the user, providing complete control over market decisions.</li> <li><b>Instant Risk Application:</b><br> Upon trade execution, the EA automatically applies predefined Stop Loss and Take Profit levels.</li> <li><b>Unified Trade Management:</b><br> Ensures consistent behavior across all open trades, maintaining alignment in risk parameters.</li> <li><b>Real-Time Adaptation:</b><br> Detects and reacts instantly to any manual adjustments made by the trader.</li> </ul> <h2><b>Key Highlight</b></h2> <p>Managing multiple trades manually can become complex and time-consuming, especially when handling large positions or scaling strategies.</p> <p><b>PythonX Manual Sync Manager simplifies this completely:</b></p> <ul> <li>The user can modify Stop Loss or Take Profit on just one trade.</li> <li>The EA instantly replicates that change across all other active trades.</li> <li>Whether managing a few positions or hundreds, all trades remain perfectly synchronized.</li> </ul> <p>This eliminates the need for repetitive manual adjustments and ensures consistent risk control across the entire trading basket.</p> <h2><b>Key Features</b></h2> <ul> <li><b>Global SL/TP Synchronization:</b><br> Automatically aligns Stop Loss and Take Profit levels across all trades, maintaining uniform risk management.</li> <li><b>Manual Adjustment Detection:</b><br> Any change made manually to SL or TP is instantly detected and applied across all active positions.</li> <li><b>Break-Even Automation:</b><br> Moves trades to a risk-free state once predefined profit conditions are met, helping protect gains.</li> <li><b>Candle-Based Trailing Stop:</b><br> Dynamic trailing mechanism based on candle structure, allowing trades to follow market movement efficiently.</li> <li><b>Basket Profit Control:</b><br> Closes all manual trades automatically when a defined total profit target is reached.</li> <li><b>Basket Loss Protection:</b><br> Limits downside risk by closing all trades when a predefined loss threshold is hit.</li> <li><b>Multi-Trade Synchronization Engine:</b><br> Designed to handle multiple positions simultaneously with consistent behavior across all trades.</li> <li><b>Smart Execution Filtering:</b><br> Built-in safeguards ensure operations occur only under valid market conditions.</li> <li><b>Low-Noise Operation:</b><br> Optimized internal handling to minimize unnecessary processing and maintain stable performance.</li> </ul> <h2><b>Execution Model</b></h2> <ul> <li>Entry: Fully Manual</li> <li>Management: Fully Automated</li> <li>Compatibility: Single and Multi-Symbol Trading</li> <li>Environment: Suitable for fast and active trading conditions</li> </ul> <h2><b>Backtest & Validation</b></h2> <p>The system has been tested across multiple broker environments to ensure stability, execution consistency, and compatibility with different trading conditions.</p> <ul> <li>Validated under various market scenarios</li> <li>Tested on multiple symbols and timeframes</li> <li>Consistent behavior across different broker settings</li> </ul> <p>Results demonstrate reliable synchronization, stable execution, and effective trade management without dependency on specific broker configurations.</p> <h2><b>Recommendations</b></h2> <ul> <li>Ideal for traders who prefer manual entries with automated management</li> <li>Suitable for grid, scaling, and multi-position strategies</li> <li>Use on low-spread accounts for optimal performance</li> <li>VPS recommended for uninterrupted execution</li> <li>Forward testing is advised before live deployment</li> </ul> <p>PythonX Manual Sync Manager is designed for traders seeking a balance between control and automation, delivering precision trade handling while maintaining full flexibility in decision-making.</p>
    "
"https://www.mql5.com/en/market/product/173945","PythonX US30 Velocity","
      <h2><span> </span>PythonX US30 Velocity EA</h2> <h2>High-Speed EMA + ATR Trading System for US30 (M1)</h2> <p><b>PythonX US30 Velocity</b> is a precision-engineered Expert Advisor designed specifically for <b>US30 (Dow Jones)</b> on the M1 timeframe. It combines a clean trend-following EMA structure with volatility filtering using ATR to capture fast intraday momentum moves.</p> <h2>Performance Summary</h2> <ul> <li><b>Starting Capital:</b> $50</li> <li><b>Ending Balance:</b> $5,000 (Jan 2026 – Present)</li> <li><b>Lot Size:</b> Fixed 0.01</li> <li><b>Maximum Drawdown:</b> 7.76%</li> </ul> <p>This performance demonstrates the EA’s ability to scale capital efficiently while maintaining controlled risk exposure.</p> <h2> Strategy Overview</h2> <ul> <li><b>Trend Filter:</b> EMA-based direction bias</li> <li><b>Entry Logic:</b> Price action momentum in trend direction</li> <li><b>Volatility Filter:</b> ATR-based market activity confirmation</li> <li><b>Timeframe:</b> M1 (Scalping / Intraday execution)</li> </ul> <p>The system is designed to trade only when the market shows sufficient movement and directional clarity.</p> <h2>Key Features</h2> <ul> <li> Optimized for US30 volatility</li> <li> Fast execution scalping logic (M1)</li> <li> Trend-filtered entries using EMA</li> <li> ATR-based volatility confirmation</li> <li> Fixed lot strategy for consistency</li> </ul> <h2>Risk Management</h2> <p>The EA uses a conservative fixed-lot approach (0.01) to ensure stable capital growth and reduced exposure during high volatility conditions.</p> <p>Drawdown is actively controlled through volatility filtering and trend-based entry selection.</p> <h2>Suitable For</h2> <ul> <li>US30 traders seeking fast scalping opportunities</li> <li>Low-risk fixed lot growth strategies</li> <li>Beginners and intermediate algorithmic traders</li> </ul> <h2>Important Note</h2> <p>This EA is designed for highly liquid and volatile market conditions. It performs best during active US30 trading sessions.</p> <p>Past performance is not a guarantee of future results.</p>
    "
"https://www.mql5.com/en/market/product/173823","PythonX GbpJpy M1 Scalper","
      <b> </b><h2><b><b>EMA CROSS SCALPING EA - HIGH FREQUENCY PROFIT SYSTEM</b></b></h2><h2><b><b>PROFESSIONAL M1 SCALPING ENGINE FOR GBPJPY</b></b></h2> <p>This Expert Advisor is a <b>high-performance scalping system</b> built to extract maximum profit from the fast-moving <b>GBPJPY</b> market. Designed for <b>M1 precision trading</b>, it executes trades based on <b>EMA crossover dynamics</b> combined with advanced entry filtering. </p> <p>The system is optimized for <b>high trade frequency, rapid execution, and consistent equity growth</b>. </p> <h2><b>CORE STRATEGY</b></h2> <ul> <li><b>EMA Cross Entry Logic</b> – Captures real-time market direction shifts</li> <li><b>High-Frequency Execution</b> – Generates a large number of trading opportunities</li> <li><b>Smart Filtering</b> – Eliminates weak and low-quality signals</li> <li><b>Precision Timing</b> – Designed for M1 scalping efficiency</li> </ul> <h2><b>BACKTEST PERFORMANCE</b></h2> <p><b>Initial Deposit:</b> $50</p> <p><b>Test Period:</b> January 2026 – Present</p> <ul> <li><b>Total Profit:</b> $6,742</li> <li><b>Maximum Drawdown:</b> 9.28%</li> <li><b>Profit Factor:</b> 4.23</li> <li><b>Win Rate:</b> Approximately 87%</li> <li><b>Total Trades:</b> 4,380+</li> </ul> <p>This performance demonstrates <b>exceptional capital growth</b> with <b>controlled risk exposure</b>, even from a very small starting balance. </p> <h2><b>WHY THIS EA STANDS OUT</b></h2> <ul> <li><b>High Trade Frequency</b> – Continuous market participation</li> <li><b>Strong Profit Factor</b> – Efficient profit generation</li> <li><b>Low Drawdown Profile</b> – Risk-controlled growth</li> <li><b>Scalping Optimized</b> – Built specifically for volatile pairs</li> <li><b>Fully Customizable</b> – Adaptable to different trading styles</li> </ul> <h2><b>TRADING CONDITIONS</b></h2> <ul> <li><b>Pair:</b> GBPJPY (Highly Recommended)</li> <li><b>Timeframe:</b> M1</li> <li><b>Execution:</b> Low latency required</li> <li><b>Spread:</b> Must be low for optimal performance</li> <li><b>Environment:</b> VPS strongly recommended</li> </ul> <h2><b>RISK DISCLOSURE</b></h2> <p>This is a <b>high-frequency scalping system</b>. While it is designed for controlled drawdown, improper settings, poor broker conditions, or high spreads can negatively impact results. </p> <h2><b>FINAL STATEMENT</b></h2> <p>This EA is built for traders who demand <b>performance, speed, and scalability</b>. It is not a basic strategy — it is a <b>precision trading tool</b> designed to capitalize on market movement with consistency and efficiency. </p> <p><b>Backtest results are attached for full transparency.</b></p>
    "
"https://www.mql5.com/en/market/product/171449","Lakshmi Illusion XAUUSD","
      <h2>LAKSHMI ILLUSION XAUUSD – Advanced Gold Trend Trading System</h2> <h2>The Ultimate M1 Sniper Scalper (All Brokers Compatible)</h2> <p><b>Have you ever seen an Expert Advisor transform a very small account into significant growth within a short period of time?</b></p> <p>At first glance, it may seem unrealistic. In reality, such outcomes are often the result of structured strategy, disciplined execution, and precise trend alignment.</p> <p>Lakshmi Illusion XAUUSD is a high-performance, multi-timeframe trading system developed exclusively for XAUUSD (Gold). It is engineered to follow strong market trends and execute trades with precision using a layered confirmation approach.</p> <h3>Performance Highlights</h3> <p>Extensive backtesting has been conducted starting with an initial balance of <b>50 USD</b> from January 2026 to the present.</p> <p>Different configurations and lot sizes have produced a wide range of growth outcomes under varying conditions.</p> <p>Real account screenshots are attached, including both running and closed trades, to provide transparency.</p> <p>Sample results include short-term growth scenarios where accounts have shown significant movement over brief periods under specific market conditions.</p> <p><b>A demo version is available</b>, allowing users to test the EA in real-time market conditions before making any purchase decision.</p> <h3>Key Features</h3> <ul> <li>Trend-based trading approach</li> <li>Multi-timeframe confirmation for improved accuracy</li> <li>Precision entry execution on lower timeframes</li> <li>Designed specifically for XAUUSD</li> <li>Structured and rule-based trading logic</li> </ul> <h3>Strategy Overview</h3> <p>The EA integrates multiple layers of analysis:</p> <ul> <li>D1: Support and Resistance zones</li> <li>H4: Fibonacci levels</li> <li>H1: RSI and CCI confirmation</li> <li>M30: Market structure (BOS/CHOCH)</li> <li>M15: Volume validation</li> <li>M5: RSI and MACD refinement</li> <li>M1: Final execution trigger</li> </ul> <p>This layered approach helps filter trades and align entries with the broader market trend.</p> <h3>Who Can Use This EA</h3> <ul> <li>Individuals looking to automate their trading</li> <li>Traders interested in gold (XAUUSD) strategies</li> <li>Users who prefer structured, rule-based systems</li> </ul> <h3>Limited Time Offer</h3> <p><b>50% discount available until 5th April.</b></p> <p>This is a limited-time offer and pricing may change after this period.</p> <h3>Important Information</h3> <ul> <li>This EA is designed specifically for XAUUSD</li> <li>Proper risk management is essential</li> <li>Market conditions vary and no specific results are guaranteed</li> <li>Past performance does not guarantee future results</li> </ul> <p><b>Lakshmi Illusion XAUUSD</b> is built on the principle that disciplined systems and structured execution can produce results that may appear uncommon, but are grounded in logic, consistency, and market behavior.</p>
    "
"https://www.mql5.com/en/market/product/173606","PythonX Gold Sniper","
      <b> </b><h2><b><b>PythonX Gold Sniper XAUUSD M1</b></b></h2> <h2><b>Precision Momentum Reversal Expert Advisor for Gold Scalping</b></h2> <p>PythonX Gold Sniper is a high-precision Expert Advisor designed specifically for XAUUSD on the M1 timeframe. The system focuses on capturing short-term momentum reversals with strict confirmation logic, combining trend alignment with oscillator-based timing. </p> <p>The strategy is built on a structured combination of Exponential Moving Average (EMA), Relative Strength Index (RSI), and Stochastic Oscillator, delivering controlled and selective trade entries. </p> <h2><b>Core Strategy Logic</b></h2> <ul> <li><b>Trend Filter:</b><br> EMA is used to determine the directional bias of the market. Trades are only taken in alignment with the prevailing short-term trend. </li> <li><b>Momentum Reversal Detection:</b><br> RSI identifies oversold and overbought conditions and confirms reversal through level crossover behavior. </li> <li><b>Entry Confirmation:</b><br> Stochastic Oscillator provides additional confirmation through crossover or near-threshold positioning, improving entry accuracy and reducing false signals. </li> <li><b>Execution Model:</b><br> The EA operates with a dual-timeframe approach, using a higher timeframe for indicator confirmation and M1 for precise execution. </li> </ul> <h2><b>Key Features</b></h2> <ul> <li>EMA-based trend filtering</li> <li>RSI crossover-based reversal detection</li> <li>Stochastic confirmation logic with flexible conditions</li> <li>Optimized for XAUUSD volatility characteristics</li> <li>Low-frequency, high-quality trade selection</li> <li>Designed for fast execution on lower timeframes</li> </ul> <h2><b>Backtest Performance</b></h2> <ul> <li><b>Symbol:</b> XAUUSD</li> <li><b>Timeframe:</b> M1</li> <li><b>Initial Deposit:</b> $50</li> <li><b>Lot Size:</b> Fixed 0.01</li> <li><b>Test Period:</b> 01 January 2026 – 15 April 2026</li> <li><b>Final Balance:</b> $9,900</li> </ul> <p>The results demonstrate the system’s ability to capitalize on intraday gold price movements with disciplined entry logic and consistent execution. </p> <h2><b>Recommendations</b></h2> <ul> <li>Use with low-spread ECN accounts</li> <li>VPS recommended for stable execution</li> <li>Suitable for traders focusing on gold scalping strategies</li> <li>Forward testing on demo account is advised before live deployment</li> </ul> <p>PythonX Gold Sniper is built for traders seeking a focused, rule-based system that emphasizes precision, consistency, and adaptability in high-volatility market conditions. </p>
    "
"https://www.mql5.com/en/market/product/173847","PythonX GbpUsd M1 Sniper","
      <h2><b>PythonX GBPUSD M1 Sniper</b></h2> <h2><b>Structure-Based Precision Scalping Expert Advisor</b></h2> <p>PythonX GBPUSD M1 Sniper is a high-precision Expert Advisor developed specifically for GBPUSD on the M1 timeframe. The system is built around Smart Money Concepts, focusing on market structure behavior to identify high-probability entries with minimal noise.</p> <p>The strategy leverages Break of Structure (BOS) and Change of Character (CHOCH) to detect momentum shifts and early reversals, allowing the EA to enter trades with strong confirmation and sniper-level accuracy.</p> <h2><b>Core Strategy Logic</b></h2> <ul> <li><b>Market Structure Analysis:</b><br> The EA continuously tracks price action to identify key structural levels and shifts in trend behavior.</li> <li><b>Break of Structure (BOS):</b><br> Confirms continuation of the current trend when price breaks significant highs or lows, validating momentum strength.</li> <li><b>Change of Character (CHOCH):</b><br> Detects early signs of trend reversal by identifying shifts in market structure before full trend confirmation.</li> <li><b>Entry Precision:</b><br> Trades are executed only when BOS and CHOCH align with internal confirmation logic, ensuring high-quality setups and reduced false signals.</li> <li><b>Execution Model:</b><br> Optimized for M1 scalping, enabling fast entries and exits in volatile market conditions with strict filtering.</li> </ul> <h2><b>Key Features</b></h2> <ul> <li>Advanced market structure-based trading logic</li> <li>BOS and CHOCH confirmation system</li> <li>High-precision, low-frequency trade execution</li> <li>Optimized for GBPUSD volatility and liquidity</li> <li>Designed for fast execution on lower timeframes</li> <li>Strict filtering to avoid ranging market conditions</li> </ul> <h2><b>Backtest Performance</b></h2> <ul> <li><b>Symbol:</b> GBPUSD</li> <li><b>Timeframe:</b> M1</li> <li><b>Initial Deposit:</b> $50</li> <li><b>Lot Size:</b> Fixed 0.01</li> <li><b>Test Period:</b> 01 January 2026 – 15 April 2026</li> <li><b>Final Balance:</b> $8,750</li> </ul> <p>The backtest demonstrates the EA’s ability to capture short-term structural moves with precision, focusing on quality trades rather than high-frequency execution.</p> <h2><b>Recommendations</b></h2> <ul> <li>Use on low-spread ECN accounts for optimal performance</li> <li>VPS recommended to ensure fast and stable execution</li> <li>Best suited for GBPUSD M1 scalping conditions</li> <li>Forward testing on a demo account is recommended before live use</li> </ul> <p>PythonX GBPUSD M1 Sniper is designed for traders who prioritize precision, structure-based entries, and disciplined execution in fast-moving market environments.</p>
    "
"https://www.mql5.com/en/market/product/142464","PythonX M1 Hybrid Breakout EURUSD","
      <h2>PythonX - EURUSD M1 Hybrid Breakout EA</h2> <p><strong>One trade at a time. Low drawdown. Designed for Prop Firms and Retail Traders.</strong></p> <p><strong>Tested on EURUSD M1 using real tick data (2015–2025 or latest available) across 25+ brokers and prop firms.</strong><br> Built to deliver precision, consistency, and ultra-low drawdown — even on $100 accounts.</p> <p>All tests were conducted on a $100 balance with 1:1000 leverage and fixed SL/TP.<br> Screenshots are attached for full transparency.</p> <h2>Supported Brokers</h2> <p>OctaFX, IC Markets, HF Markets, Exness, XM Global, Tickmill, RoboForex, ActivTrades, FXPro, FXTM, Eightcap, FP Markets</p> <h2>Supported Prop Firms</h2> <p>FTMO, E8 Markets, The Funded Trader, FundedNext, MyFundedFX, SurgeTrader, Finotive Funding, FXIFY, BrightFunded, DNA Funded, Blueberry Funded, FundedPrime, Funding Pips, Alpha Capital, The Trading Pit, Hola Prime</p> <p><em>If your broker is not listed, contact the developer before purchase to confirm compatibility.</em></p> <h2>Strategy Overview</h2> <p>PythonX is a professionally developed hybrid breakout EA optimized for EURUSD on the M1 timeframe.<br> It applies a multi-layered filtering system to find high-probability breakout entries with minimal drawdown.<br> Designed to work on one trade at a time, with fixed SL/TP, and filters that adapt to market structure in real time.</p> <h3>Ideal For:</h3> <ul> <li> <p>Traders seeking stable M1 automation</p></li> <li> <p>Prop firm challenges requiring strict drawdown control</p></li> <li> <p>Anyone starting with even $50–$100 capital</p></li> </ul> <h2>Why Choose PythonX?</h2> <ul> <li> <p>Proven across 28+ broker/prop firm environments</p></li> <li> <p>Built for ultra-low drawdown and high win streaks</p></li> <li> <p>Designed specifically for EURUSD M1, but scalable for future builds</p></li> <li> <p>No martingale, no grid, no risky recovery logic</p></li> <li> <p>Backtested using over a decade of M1 real tick data</p></li> <li> <p>Supports both small accounts and prop firm conditions</p></li> <li> <p>Lot Presets from $50 to $5000 Accounts Size (Auto-select from 11 tiers)<br></p></li> </ul> <h2>Core Logic</h2> <ul> <li> <p>Take Profit: 620 points</p></li> <li> <p>Stop Loss: 670 points</p></li> <li> <p>Entry Filters: EMA Trend, Candle Break, Time Filter, Fibonacci Retracement</p></li> <li> <p>Dynamic lot sizing via LotSet1 to LotSet11</p></li> <li> <p>One trade at a time, no overleveraging</p></li> </ul> <h2>Backtest Highlights</h2> <p><strong>Backtested on Real Ticks | EURUSD M1 | Period: 2015–2025</strong><br> <em>All tested with $100 balance. Full screenshots attached.</em></p> <div> <div> <table> <thead> <tr> <th>Broker/Firm</th> <th>Net Profit</th> <th>Max Drawdown</th> <th>Max Wins (Amount)</th> <th>Max Losses (Amount)</th> </tr> </thead> <tbody> <tr> <td>OctaFX</td> <td>$15,255.84</td> <td>1.65%</td> <td>16 ($471.42)</td> <td>7 ($-73.78)</td> </tr> <tr> <td>IC Markets</td> <td>$13,114.84</td> <td>3.38%</td> <td>21 ($618.02)</td> <td>11 ($-100.03)</td> </tr> <tr> <td>XM Global</td> <td>$14,060.22</td> <td>1.52%</td> <td>14 ($411.15)</td> <td>7 ($-74.38)</td> </tr> <tr> <td>FP Markets</td> <td>$15,459.75</td> <td>1.34%</td> <td>17 ($499.69)</td> <td>7 ($-77.09)</td> </tr> <tr> <td>Eightcap</td> <td>$13,856.31</td> <td>1.98%</td> <td>15 ($438.92)</td> <td>7 ($-74.36)</td> </tr> <tr> <td>HF Markets</td> <td>$14,740.04</td> <td>5.43%</td> <td>16 ($468.07)</td> <td>7 ($-74.88)</td> </tr> <tr> <td>Exness</td> <td>$10,467.29</td> <td>2.77%</td> <td>19 ($587.61)</td> <td>8 ($-82.16)</td> </tr> <tr> <td>Tickmill</td> <td>$8,250.80</td> <td>3.28%</td> <td>20 ($598.22)</td> <td>10 ($-93.92)</td> </tr> <tr> <td>RoboForex</td> <td>$13,464.76</td> <td>5.64%</td> <td>23 ($676.40)</td> <td>9 ($-88.03)</td> </tr> <tr> <td>ActivTrades</td> <td>$10,766.87</td> <td>2.03%</td> <td>15 ($437.01)</td> <td>12 ($-108.30)</td> </tr> <tr> <td>FxPro</td> <td>$13,051.00</td> <td>2.61%</td> <td>15 ($431.29)</td> <td>8 ($-81.29)</td> </tr> <tr> <td>FXTM</td> <td>$11,257.94</td> <td>3.05%</td> <td>27 ($812.29)</td> <td>7 ($-74.06)</td> </tr> <tr> <td>Prop Firms (Avg)</td> <td>$14,371.78</td> <td>1.64%</td> <td>21 ($647.41)</td> <td>10 ($-94.90)</td> </tr> </tbody> </table> <div> <div> <span> </span> </div> </div> </div> </div> <h2><br></h2> <h2>Designed For</h2> <ul> <li> <p>Prop firm challenge participants with strict drawdown limits</p></li> <li> <p>Retail traders starting from $50–$5000</p></li> <li> <p>Those seeking consistent M1 results without risky strategies</p></li> <li> <p>Traders who value logic transparency and long-term backtest data</p></li> </ul> <h2>Disclaimer</h2> <p>All performance results shown above are based on MetaTrader Strategy Tester using historical tick data.<br> Past performance does not guarantee future results.<br> Always test on a demo account and use proper risk management when going live.</p> <h2>Ready to Scale</h2> <p>PythonX is more than just an EA — it’s a reliable breakout engine tested across a wide range of environments and brokers.<br> From $100 retail accounts to full prop firm funding, it’s built to help you scale confidently and securely.</p> <p><strong>Backtests were performed using real ticks, every tick model, 1:1000 leverage, and $100 starting balance.</strong></p> <p>If your broker is not listed, please message the developer before purchasing to verify compatibility.</p> <p><br></p> <p><br></p>
    "
